Sample ID,AMEL,D3S1358,D1S1656,D2S441,D10S1248,D13S317,Penta E,D16S539,D18S51,D2S1338,CSF1PO,Penta D,TH01,vWA,D21S11,D7S820,D5S818,TPOX,D8S1179,D12S391,D19S433,SE33,D22S1045,DYS391,FGA,DYS576,DYS570
01,"X,X","14,18","14,15","11,11","14,14","8,12","9,11","12,13","13,15","20,22","11,12","13,14","6,9.3","17,19","29,31","9,9","11,12","8,11","12,15","21,23","14,15","21,31.2","11,19",N/A,"20,25",N/A,N/A
02,"X,Y","15,16","12,13","12,14","13,14","11,11","8,11","11,13","17,17","21,21","7,8","12,12","6,9","15,17","29,31","8,10","11,12","9,9","13,13","15,18","13,14","17,18","11,15",10,"24,28",14,20
03,"X,Y","16,17","16,17.3","12,15","13,15","11,12","10,16","11,14","17,18","22,25","8,12","9,10","8,9","15,16","32.2,32.2","8,11","12,13","11,11","14,15","17,17","12,14","18,26.2","12,14",10,"19,24",16,22
04,"X,Y","15,16","12,15","12,14","13,13","11,12","8,18","11,11","15,17","21,25","12,12","2.2,10","8,8","16,19","28,30","9,9","11,12","10,11","13,14","20,24","12.2,15","18,26.2","15,17",10,"20,21",18,20
05,"X,Y","15,16","14,16.3","10,12","13,15","11,12","7,12","11,11","14,16","20,20","9,10","9,12","9.3,9.3","14,17","31.2,32.2","9,9","12,12","8,10","13,14","15,21","14,15","21,22.2","11,15",11,"23,23",18,17
06,"X,Y","16,17","16,17.3","10,14","14,14","8,12","12,16","9,12","16,17","17,20","10,11","11,12","9.3,9.3","17,18","28,30","9,10","12,12","8,11","13,14","19,23","14,14.2","16,20","15,16",10,"21,22",17,17
07,"X,X","17,17","10,16","10,12","14,14","11,11","14,16","10,13","17,19","22,23","10,11","2.2,12","6,8","16,18","28,28","8,9","11,13","8,9","14,14","17,18","13,16.2","15,22","11,17",N/A,"24,27",N/A,N/A
08,"X,Y","14,15","15.3,16","11,11","14,16","8,12","5,17","12,13","12,14","17,20","11,12","12,13","9,9.3","14,19","29,31","8,9","11,13","8,8","13,14","20,21","14,15","28.2,28.2","16,17",9,"23,24",16,17
09,"X,Y","15,15","13,15","12,14","14,14","11,12","13,15","11,12","20,22","16,19","11,12","9,10","6,7","15,16","27,28","11,12","10,11","6,9","12,13","18.1,20","13,13","15,27.2","16,17",10,"22,23",17,16
10,"X,Y","16,16","12,15","13,14","14,16","12,13","5,16","9,10","13,16","20,24","11,12","9,12","7,7","14,15","27,29","8,11","12,13","8,11","15,16","16,20","13,15.2","16,29.2","16,17",10,"23,24",16,17
11,"X,Y","14,17","11,17.3","10,12","13,13","12,13","8,15","10,11","17,17","23,26","10,13","7,9","7,9.3","15,15","30,33.2","8,12","11,11","8,10","13,14","17,19","12,14","11,17","14,18",10,"21,22",16,20
12,"X,Y","15,18","14,19.3","10,10","14,14","8,13","5,16","11,13","13,14","23,23","10,10","10,10","6,9.3","17,19","29,31.2","7,12","10,12","8,11","11,15","20,21","12,14","28.2,29.2","16,16",10,"19,25",18,17
13,"X,Y","15,15","15,17","11.3,14","12,15","12,14","8,8","8,9","12,15","17,25","11,12","2.2,5","7,7","16,16","32.2,32.2","8,9","12,13","8,11","13,14","20,22","11,14","16,26.2","10,14",10,"19,27",17,20
14,"X,Y","16,16","12,16.3","14,15","15,15","11,13","7,13","9,11","16,20","17,25","12,12","8,9","6,8","15,16","24.3,30","10,10","10,11","8,11","11,13","20,23","14,14","15,27.2","11,11",10,"21,25",15,17
15,"X,X","15,16","17.3,17.3","11,14","15,15","11,13","12,15","10,11","18,18","20,22","8,12","8,11","7,8","15,17","32.2,33","10,11","11,12","8,9","13,15","15,17","14,14.2","20,24.2","14,17",N/A,"23,24",N/A,N/A
16,"X,Y","16,17","14,15","11,14","11,13","10,12","7,11","12,12","16,18","19,22","9,12","2.2,11","7,7","15,18","28,29","8,11","11,12","9,9","13,14","18,18","12.2,15.2","15,21","11,15",9,"21,22",18,19
17,"X,X","15,16","16,16","12,14","13,16","12,13","5,18","11,12","16,18","19,19","7,10","9,10","6,8","16,17","28,30","10,10","11,11","8,10","13,15","18,19","11,13","24.2,26.2","11,15",N/A,"20,23",N/A,N/A
18,"X,Y","16,18","16,17.3","12,14","14,14","8,12","7,7","9,9","19,23","17,24","11,12","11,12","7,9","11,16","29,30","8,11","11,12","8,11","13,15","17,18.3","14,15","21,25.2","11,11",11,"20,22",17,17
19,"X,Y","15,18","12,15","10,10","13,13","11,13","8,11","10,11","12,18","21,23","8,12","10,13","8,8","14,17","27,31.2","9,12","11,11","8,8","13,16","20,21","14,15","23,26.2","11,11",10,"22,24",16,22
20,"X,Y","14,16","16,16.3","11.3,14","13,17","12,13","5,8","9,9","16,17","19,20","7,12","2.2,5","8,9","16,18","27,32.2","9,11","12,14","6,8","15,16","19,20","13,13.2","18,25.2","16,17",10,"24,25",15,20
21,"X,Y","16,17","11,13","12,13","14,16","12,12","13,14","11,13","19,20","20,21","10,12","2.2,9","5,6","17,19","29,36","10,11","8,12","8,11","12,15","18,20","13,13.2","26.2,28.2","14,17",10,"22,25",17,18
22,"X,Y","15,17","14,16","14,14","13,15","12,12","12,12","9,9","17,17","19,19","11,13","11,14","7,8","15,15","28,32.2","8,12","10,13","10,11","14,16","16,17","14.2,15","19,23.2","17,17",11,"19,23",18,17
23,"X,Y","15,17","14,14","15,16","13,15","8,11","11,12","8,11","10,13","18,21","7,10","12,14","7,9.3","16,17","29,30","11,11","9,12","9,9","13,13","17,17.3","13,15","21,27.2","15,16",11,"23,26",19,17
24,"X,Y","15,17","16,16.3","10,14","12,13","8,12","14,15","9,12","14,18","16,23","10,10","11,12","6,7","14,17","31.2,32.2","8,11","12,13","8,12","11,13","18,19","13,16.2","20,31.2","16,17",11,"19,24",18,18
25,"X,Y","16,16","15,16.3","11,14","12,13","8,12","8,13","9,12","14,20","19,20","10,12","10,10","8,9","16,20","29,30","10,12","8,10","9,11","13,13","16,17.3","13,13.2","14.2,26.2","16,17",10,"21.2,25",18,17
26,"X,Y","17,18","15,16.3","10,11","13,13","13,14","11,19","11,12","14,17","23,24","10,12","10,11","9,9","18,19","32.2,33.2","7,12","7,10","8,8","13,14","18,19","14,15","15,17","16,16",10,"20,23",20,19
27,"X,Y","14,16","15,15","11,12","14,15","11,13","14,21","11,13","12,13","19,22","11,12","11,13","7,9.3","16,18","30,31","11,13","11,12","8,8","14,14","19,25","13,15","15,26.2","16,16",10,"25,26",16,17
28,"X,Y","14,15","16.3,17.3","14,15","13,13","8,8","12,14","12,12","12,17","19,25","11,11","11,12","6,9.3","17,17","31.2,31.2","10,10","11,12","8,8","10,13","18.3,20","14,16","15,19","16,16",11,"21,21",17,17
29,"X,Y","18,18","15,15","10,10","13,13","11,12","7,8","11,11","13,14","23,24","9,10","13,15","8,9","17,19","28,31.2","12,12","12,13","10,11","12,15","17,23","14,15","18,25.2","16,17",10,"23,24",17,19
30,"X,Y","15,17","13,15","11,13","15,16","11,12","7,13","11,13","14,16","17,22","12,13","8,14","6,7","15,18","29,29","8,11","11,12","11,11","13,16","15,21","12,12.2","18,19","12,15",10,"19,22",17,18
31,"X,Y","15,16","16,16","10,11","14,15","11,12","11,12","10,12","14,15","19,19","11,12","11,12","7,9.3","15,18","29,31.2","13,13","10,10","8,8","11,13","18,19","14,16","14,26.2","15,17",11,"21,27",18,17
32,"X,Y","15,16","11,12","11,11","12,14","12,12","8,13","11,13","12,17","19,22","10,12","12,12","9,9.3","16,18","29,31","11,11","11,13","6,8","12,14","17,24","11,13","18,26.2","11,15",10,"21,23",15,19
33,"X,Y","15,18","13,18.3","10,10","14,14","12,13","12,12","11,12","16,16","20,23","12,12","9,10","9,9.3","16,17","31.2,35","11,11","11,13","11,12","12,13","18,18.3","13,15","18,29.2","16,17",11,"20,21",18,17
34,"X,Y","15,15","13,17.3","11,12","13,14","11,11","5,7","8,12","14,19","17,19","11,12","10,10","8,9.3","17,18","28,31.2","8,9","12,13","11,12","11,12","19,19","13,13.2","28.2,30","11,18",10,"24,24",15,19
35,"X,Y","15,17","12,14","11,14","13,15","11,12","7,8","9,11","12,20","25,25","10,12","2.2,7","7,8","16,17","28,30","9,12","12,12","11,11","10,15","19,24","11,16.2","19,26.2","17,17",10,"19.2,24",17,18
36,"X,Y","15,16","14,15","11,14","12,13","11,11","8,9","9,11","17,18","18,19","10,10","9,11","8,9.3","15,16","28,28","9,10","10,12","6,8","10,13","17,18","10.2,14","15,19","11,16",10,"23,24",15,19
37,"X,Y","14,15","12,15","10,14","12,13","9,11","11,14","11,12","15,17","18,20","10,12","13,13","6,7","16,18","29,31.2","8,11","11,12","8,12","13,13","20,24","13,14","18,19","15,16",11,"22,22",18,17
38,"X,Y","17,17","11,14","14,14","13,15","12,12","8,11","11,13","15,17","16,19","11,12","10,11","7,7","17,18","28,30","8,11","11,13","8,10","12,15","18,21","14,14.2","20.2,21","11,15",10,"22,25",18,19
39,"X,Y","16,17","13,16.3","14,14","13,14","10,12","11,13","9,13","13,20","16,19","10,12","11,12","6,9.3","18,19","30,30","9,12","12,13","8,11","10,13","18,20","13,14","15,16","14,15",10,"22,22.2",17,17
40,"X,Y","15,17","13,15","12,12","13,14","12,12","8,13","13,13","12,15","19,25","8,12","9,11","8,8","15,17","28,29","9,11","12,13","8,12","14,15","17,22","11,13","15,20","10,12",10,"26,28",15,17
41,"X,Y","16,17","14,15","11,11","12,14","12,13","16,18","9,11","13,19","20,22","12,12","8,8","7,7","18,19","31,35","11,11","11,11","8,8","13,14","19,19","13,16.2","14,20","15,15",11,"22,27",19,19
42,"X,X","15,16","11,15","11,12","12,15","12,13","12,17","9,12","17,18","22,23","10,12","5,8","9,9.3","16,17","30,31.2","11,11","12,13","8,10","12,14","17,18","14,14.2","25.2,25.2","11,15",N/A,"20,21",N/A,N/A
43,"X,Y","15,15","14,15","11,12","12,13","11,12","12,17","10,10","18,19","19,22","10,12","11,11","8,9.3","13,17","27,29","8,9","11,12","8,11","11,13","17,18","13.2,14","17,21","12,14",11,"21,28",15,19
44,"X,Y","15,16","14,16","11,14","14,15","8,8","11,16","10,11","12,14","16,19","11,12","11,13","6,9.3","20,20","28,32","8,10","11,12","11,11","14,15","18,20","13,15","20,28.2","15,16",10,"23,24",17,16
45,"X,Y","15,17","14,17.3","12,14","13,15","12,13","8,10","10,11","16,17","19,25","11,12","8,10","7,9","13,16","28,31","9,10","11,11","8,11","10,14","17,18","11,14","18,18.1","17,17",10,"21,25",17,15
46,"X,Y","14,15","12,12","11.3,14","14,17","12,12","10,12","12,12","13,18","25,25","10,11","10,13","7,9","16,16","31,32.2","9,12","11,11","8,8","11,14","18,18","10,13","18,28.2","11,14",11,"25,26",16,18
47,"X,Y","14,14","13,16","11,11","13,13","12,12","8,12","11,12","13,15","23,24","12,12","9,12","6,9","16,18","27,30","9,10","12,13","8,10","13,13","18,22","13,14.2","16,28.2","11,16",10,"21,22",17,20
48,"X,Y","15,18","13,14","10,11","13,16","11,12","5,13","9,13","12,17","17,25","10,10","9,14","7,9","16,17","29,31.2","8,10","12,14","8,9","14,14","17,25","14,15","20,29.2","14,15",10,"19,27",17,21
49,"X,Y","14,17","12,15","11,11","12,15","12,13","11,13","10,13","12,17","17,17","10,10","10,12","6,9","17,18","29,32.2","8,9","11,13","11,11","10,13","17,24","12,13","18,26.2","15,15",11,"23,24",17,17
50,"X,Y","16,17","11,14","11,14","15,16","11,12","5,9","12,13","16,20","21,22","11,13","8,13","6,7","15,18","32.2,33.2","8,12","11,11","7,11","10,15","17,18","11,12","14.2,21.2","11,19",10,"19,19",17,17
